Run,ReleaseDate,LoadDate,spots,bases,spots_with_mates,avgLength,size_MB,AssemblyName,download_path,Experiment,LibraryName,LibraryStrategy,LibrarySelection,LibrarySource,LibraryLayout,InsertSize,InsertDev,Platform,Model,SRAStudy,BioProject,Study_Pubmed_id,ProjectID,Sample,BioSample,SampleType,TaxID,ScientificName,SampleName,g1k_pop_code,source,g1k_analysis_group,Subject_ID,Sex,Disease,Tumor,Affection_Status,Analyte_Type,Histological_Type,Body_Site,CenterName,Submission,dbgap_study_accession,Consent,RunHash,ReadHash
SRR21086463,2022-09-29 14:36:28,2022-08-16 15:14:21,74802555,7629860610,74802555,102,2204,,https://sra-downloadb.be-md.ncbi.nlm.nih.gov/sos1/sra-pub-zq-38/SRR021/21086/SRR21086463/SRR21086463.lite.1,SRX17101045,GSM6467532,RNA-Seq,cDNA,TRANSCRIPTOMIC,PAIRED,0,0,ILLUMINA,Illumina NovaSeq 6000,SRP392502,PRJNA870045,3,870045,SRS14677273,SAMN30347341,simple,9606,Homo sapiens,GSM6467532,,,,,,,no,,,,,"GENOME ANALYTICS, DEP. MOLECULAR BACTERIOLOGY, HCI - HELMHOLTZ CENTRE FOR INFECTION RESEARCH",SRA1476698,,public,298276714CC5799D6CBBEABED1CF7F96,834EBE205C420D7B10596B39364D0A35
SRR21086462,2022-09-29 14:36:28,2022-08-16 15:04:13,68174063,6953754426,68174063,102,2075,,https://sra-downloadb.be-md.ncbi.nlm.nih.gov/sos1/sra-pub-zq-38/SRR021/21086/SRR21086462/SRR21086462.lite.1,SRX17101046,GSM6467533,RNA-Seq,cDNA,TRANSCRIPTOMIC,PAIRED,0,0,ILLUMINA,Illumina NovaSeq 6000,SRP392502,PRJNA870045,3,870045,SRS14677274,SAMN30347340,simple,9606,Homo sapiens,GSM6467533,,,,,,,no,,,,,"GENOME ANALYTICS, DEP. MOLECULAR BACTERIOLOGY, HCI - HELMHOLTZ CENTRE FOR INFECTION RESEARCH",SRA1476698,,public,6FBB0095C48BF589CFCAA96D2D23ABB6,93346007F2646A121B324407CC769332
SRR21086461,2022-09-29 14:36:28,2022-08-16 15:13:47,72838712,7429548624,72838712,102,2160,,https://sra-downloadb.be-md.ncbi.nlm.nih.gov/sos1/sra-pub-zq-38/SRR021/21086/SRR21086461/SRR21086461.lite.1,SRX17101047,GSM6467534,RNA-Seq,cDNA,TRANSCRIPTOMIC,PAIRED,0,0,ILLUMINA,Illumina NovaSeq 6000,SRP392502,PRJNA870045,3,870045,SRS14677275,SAMN30347339,simple,9606,Homo sapiens,GSM6467534,,,,,,,no,,,,,"GENOME ANALYTICS, DEP. MOLECULAR BACTERIOLOGY, HCI - HELMHOLTZ CENTRE FOR INFECTION RESEARCH",SRA1476698,,public,A05975162319EF2EB4B6097FC3952B56,9A1EDCFF6BB95BA8FA6E8C842125362D
SRR21086460,2022-09-29 14:36:28,2022-08-16 14:51:07,73857103,7533424506,73857103,102,2191,,https://sra-downloadb.be-md.ncbi.nlm.nih.gov/sos1/sra-pub-zq-38/SRR021/21086/SRR21086460/SRR21086460.lite.1,SRX17101048,GSM6467535,RNA-Seq,cDNA,TRANSCRIPTOMIC,PAIRED,0,0,ILLUMINA,Illumina NovaSeq 6000,SRP392502,PRJNA870045,3,870045,SRS14677276,SAMN30347338,simple,9606,Homo sapiens,GSM6467535,,,,,,,no,,,,,"GENOME ANALYTICS, DEP. MOLECULAR BACTERIOLOGY, HCI - HELMHOLTZ CENTRE FOR INFECTION RESEARCH",SRA1476698,,public,38865B0F6B83C7CAF366FC4305E5C0DA,FBE6B61A2310A8C1C3FE12E1D0C4B7EC
SRR21086459,2022-09-29 14:36:28,2022-08-16 14:50:43,56769209,5790459318,56769209,102,1683,,https://sra-downloadb.be-md.ncbi.nlm.nih.gov/sos1/sra-pub-zq-38/SRR021/21086/SRR21086459/SRR21086459.lite.1,SRX17101049,GSM6467536,RNA-Seq,cDNA,TRANSCRIPTOMIC,PAIRED,0,0,ILLUMINA,Illumina NovaSeq 6000,SRP392502,PRJNA870045,3,870045,SRS14677277,SAMN30347337,simple,9606,Homo sapiens,GSM6467536,,,,,,,no,,,,,"GENOME ANALYTICS, DEP. MOLECULAR BACTERIOLOGY, HCI - HELMHOLTZ CENTRE FOR INFECTION RESEARCH",SRA1476698,,public,8CCC2B7091DE71E642F2911649358F48,A037BFD4551B605AACA3825ACEB4FAAE
SRR21086458,2022-09-29 14:36:28,2022-08-16 14:46:40,55075661,5617717422,55075661,102,1641,,https://sra-downloadb.be-md.ncbi.nlm.nih.gov/sos1/sra-pub-zq-38/SRR021/21086/SRR21086458/SRR21086458.lite.1,SRX17101050,GSM6467537,RNA-Seq,cDNA,TRANSCRIPTOMIC,PAIRED,0,0,ILLUMINA,Illumina NovaSeq 6000,SRP392502,PRJNA870045,3,870045,SRS14677278,SAMN30347336,simple,9606,Homo sapiens,GSM6467537,,,,,,,no,,,,,"GENOME ANALYTICS, DEP. MOLECULAR BACTERIOLOGY, HCI - HELMHOLTZ CENTRE FOR INFECTION RESEARCH",SRA1476698,,public,72646E4B1535ACE2F580C7F2C8D11F28,43ADA396F2A6C1ED64E9A67F92545AAB
SRR21086457,2022-09-29 14:36:28,2022-08-16 14:56:22,61620625,6285303750,61620625,102,1801,,https://sra-downloadb.be-md.ncbi.nlm.nih.gov/sos1/sra-pub-zq-38/SRR021/21086/SRR21086457/SRR21086457.lite.1,SRX17101051,GSM6467538,RNA-Seq,cDNA,TRANSCRIPTOMIC,PAIRED,0,0,ILLUMINA,Illumina NovaSeq 6000,SRP392502,PRJNA870045,3,870045,SRS14677279,SAMN30347335,simple,9606,Homo sapiens,GSM6467538,,,,,,,no,,,,,"GENOME ANALYTICS, DEP. MOLECULAR BACTERIOLOGY, HCI - HELMHOLTZ CENTRE FOR INFECTION RESEARCH",SRA1476698,,public,06C90F2C330C944C32FC9878BEDFFB62,78CD154CB175C9100C4592EE6423AEFB
SRR21086456,2022-09-29 14:36:28,2022-08-16 14:31:31,58974943,6015444186,58974943,102,1746,,https://sra-downloadb.be-md.ncbi.nlm.nih.gov/sos1/sra-pub-zq-38/SRR021/21086/SRR21086456/SRR21086456.lite.1,SRX17101052,GSM6467539,RNA-Seq,cDNA,TRANSCRIPTOMIC,PAIRED,0,0,ILLUMINA,Illumina NovaSeq 6000,SRP392502,PRJNA870045,3,870045,SRS14677280,SAMN30347334,simple,9606,Homo sapiens,GSM6467539,,,,,,,no,,,,,"GENOME ANALYTICS, DEP. MOLECULAR BACTERIOLOGY, HCI - HELMHOLTZ CENTRE FOR INFECTION RESEARCH",SRA1476698,,public,BD0B53159037199699B1031E944ADE74,9405096807FB6C8218AAA6A13D466591
SRR21086455,2022-09-29 14:36:28,2022-08-16 14:50:55,68245727,6961064154,68245727,102,2020,,https://sra-downloadb.be-md.ncbi.nlm.nih.gov/sos1/sra-pub-zq-38/SRR021/21086/SRR21086455/SRR21086455.lite.1,SRX17101053,GSM6467540,RNA-Seq,cDNA,TRANSCRIPTOMIC,PAIRED,0,0,ILLUMINA,Illumina NovaSeq 6000,SRP392502,PRJNA870045,3,870045,SRS14677281,SAMN30347333,simple,9606,Homo sapiens,GSM6467540,,,,,,,no,,,,,"GENOME ANALYTICS, DEP. MOLECULAR BACTERIOLOGY, HCI - HELMHOLTZ CENTRE FOR INFECTION RESEARCH",SRA1476698,,public,B293E3AE0B15DF0E799C81BA6E548836,9FF022D05816D5C00F4992C2FC5B01B1
SRR21086454,2022-09-29 14:36:28,2022-08-16 15:09:04,71513245,7294350990,71513245,102,2135,,https://sra-downloadb.be-md.ncbi.nlm.nih.gov/sos1/sra-pub-zq-38/SRR021/21086/SRR21086454/SRR21086454.lite.1,SRX17101054,GSM6467541,RNA-Seq,cDNA,TRANSCRIPTOMIC,PAIRED,0,0,ILLUMINA,Illumina NovaSeq 6000,SRP392502,PRJNA870045,3,870045,SRS14677282,SAMN30347332,simple,9606,Homo sapiens,GSM6467541,,,,,,,no,,,,,"GENOME ANALYTICS, DEP. MOLECULAR BACTERIOLOGY, HCI - HELMHOLTZ CENTRE FOR INFECTION RESEARCH",SRA1476698,,public,C0D28F4B8AC9B7E69E2478E5ACF2CE2D,010F8A9BE1F0971D1FB28AD890D82B26
SRR21086453,2022-09-29 14:36:27,2022-08-16 14:34:51,47177700,4812125400,47177700,102,1430,,https://sra-downloadb.be-md.ncbi.nlm.nih.gov/sos1/sra-pub-zq-38/SRR021/21086/SRR21086453/SRR21086453.lite.1,SRX17101055,GSM6467542,RNA-Seq,cDNA,TRANSCRIPTOMIC,PAIRED,0,0,ILLUMINA,Illumina NovaSeq 6000,SRP392502,PRJNA870045,3,870045,SRS14677283,SAMN30347331,simple,9606,Homo sapiens,GSM6467542,,,,,,,no,,,,,"GENOME ANALYTICS, DEP. MOLECULAR BACTERIOLOGY, HCI - HELMHOLTZ CENTRE FOR INFECTION RESEARCH",SRA1476698,,public,FBB65694D10BAB4F28D3B2229BBD2963,49F0222254B0553CAAA853668A322A1E
SRR21086452,2022-09-29 14:36:27,2022-08-16 14:46:51,56095146,5721704892,56095146,102,1675,,https://sra-downloadb.be-md.ncbi.nlm.nih.gov/sos1/sra-pub-zq-38/SRR021/21086/SRR21086452/SRR21086452.lite.1,SRX17101056,GSM6467543,RNA-Seq,cDNA,TRANSCRIPTOMIC,PAIRED,0,0,ILLUMINA,Illumina NovaSeq 6000,SRP392502,PRJNA870045,3,870045,SRS14677284,SAMN30347330,simple,9606,Homo sapiens,GSM6467543,,,,,,,no,,,,,"GENOME ANALYTICS, DEP. MOLECULAR BACTERIOLOGY, HCI - HELMHOLTZ CENTRE FOR INFECTION RESEARCH",SRA1476698,,public,CBDEF4F3C18387B32050BADE0FE66563,E486D50C9C9B3EC396DCB6F733CC50B4
SRR21086451,2022-09-29 14:36:27,2022-08-16 14:44:17,54506618,5559675036,54506618,102,1614,,https://sra-downloadb.be-md.ncbi.nlm.nih.gov/sos1/sra-pub-zq-38/SRR021/21086/SRR21086451/SRR21086451.lite.1,SRX17101057,GSM6467544,RNA-Seq,cDNA,TRANSCRIPTOMIC,PAIRED,0,0,ILLUMINA,Illumina NovaSeq 6000,SRP392502,PRJNA870045,3,870045,SRS14677285,SAMN30347329,simple,9606,Homo sapiens,GSM6467544,,,,,,,no,,,,,"GENOME ANALYTICS, DEP. MOLECULAR BACTERIOLOGY, HCI - HELMHOLTZ CENTRE FOR INFECTION RESEARCH",SRA1476698,,public,F71ACD44B5FAB6B85E94CB080D117634,2E8202D5678706B6100AEDEE3ACA3813
SRR21086450,2022-09-29 14:36:27,2022-08-16 14:27:40,51955078,5299417956,51955078,102,1533,,https://sra-downloadb.be-md.ncbi.nlm.nih.gov/sos1/sra-pub-zq-38/SRR021/21086/SRR21086450/SRR21086450.lite.1,SRX17101058,GSM6467545,RNA-Seq,cDNA,TRANSCRIPTOMIC,PAIRED,0,0,ILLUMINA,Illumina NovaSeq 6000,SRP392502,PRJNA870045,3,870045,SRS14677286,SAMN30347328,simple,9606,Homo sapiens,GSM6467545,,,,,,,no,,,,,"GENOME ANALYTICS, DEP. MOLECULAR BACTERIOLOGY, HCI - HELMHOLTZ CENTRE FOR INFECTION RESEARCH",SRA1476698,,public,CDAA7E9D62C024E178A2EB9AD5D020A8,CC01508DF1A385B297538A99CF489BE3
SRR21086449,2022-09-29 14:36:27,2022-08-16 14:32:24,59929356,6112794312,59929356,102,1788,,https://sra-downloadb.be-md.ncbi.nlm.nih.gov/sos1/sra-pub-zq-38/SRR021/21086/SRR21086449/SRR21086449.lite.1,SRX17101059,GSM6467546,RNA-Seq,cDNA,TRANSCRIPTOMIC,PAIRED,0,0,ILLUMINA,Illumina NovaSeq 6000,SRP392502,PRJNA870045,3,870045,SRS14677287,SAMN30347327,simple,9606,Homo sapiens,GSM6467546,,,,,,,no,,,,,"GENOME ANALYTICS, DEP. MOLECULAR BACTERIOLOGY, HCI - HELMHOLTZ CENTRE FOR INFECTION RESEARCH",SRA1476698,,public,3A18EE3A738A2FFCFFF4307C79F6F45A,4FDD5EC8320F3E71AF696B2C4B165BB9
SRR21086448,2022-09-29 14:36:27,2022-08-16 14:31:23,74180913,7566453126,74180913,102,2211,,https://sra-downloadb.be-md.ncbi.nlm.nih.gov/sos1/sra-pub-zq-38/SRR021/21086/SRR21086448/SRR21086448.lite.1,SRX17101060,GSM6467547,RNA-Seq,cDNA,TRANSCRIPTOMIC,PAIRED,0,0,ILLUMINA,Illumina NovaSeq 6000,SRP392502,PRJNA870045,3,870045,SRS14677288,SAMN30347326,simple,9606,Homo sapiens,GSM6467547,,,,,,,no,,,,,"GENOME ANALYTICS, DEP. MOLECULAR BACTERIOLOGY, HCI - HELMHOLTZ CENTRE FOR INFECTION RESEARCH",SRA1476698,,public,161C71AF94CD8F3D0470302711D11679,CED54A1C2116BB668EC5FA059E4CD2E8
SRR21086447,2022-09-29 14:36:27,2022-08-16 14:40:38,66996293,6833621886,66996293,102,1981,,https://sra-downloadb.be-md.ncbi.nlm.nih.gov/sos1/sra-pub-zq-38/SRR021/21086/SRR21086447/SRR21086447.lite.1,SRX17101061,GSM6467548,RNA-Seq,cDNA,TRANSCRIPTOMIC,PAIRED,0,0,ILLUMINA,Illumina NovaSeq 6000,SRP392502,PRJNA870045,3,870045,SRS14677289,SAMN30347325,simple,9606,Homo sapiens,GSM6467548,,,,,,,no,,,,,"GENOME ANALYTICS, DEP. MOLECULAR BACTERIOLOGY, HCI - HELMHOLTZ CENTRE FOR INFECTION RESEARCH",SRA1476698,,public,B95BEC23D5CF53CDEE38B04DDB6A18FE,AC721773F1D891B9F420EC727036515B
SRR21086446,2022-09-29 14:36:27,2022-08-16 14:45:57,70718049,7213240998,70718049,102,2088,,https://sra-downloadb.be-md.ncbi.nlm.nih.gov/sos1/sra-pub-zq-38/SRR021/21086/SRR21086446/SRR21086446.lite.1,SRX17101062,GSM6467549,RNA-Seq,cDNA,TRANSCRIPTOMIC,PAIRED,0,0,ILLUMINA,Illumina NovaSeq 6000,SRP392502,PRJNA870045,3,870045,SRS14677290,SAMN30347324,simple,9606,Homo sapiens,GSM6467549,,,,,,,no,,,,,"GENOME ANALYTICS, DEP. MOLECULAR BACTERIOLOGY, HCI - HELMHOLTZ CENTRE FOR INFECTION RESEARCH",SRA1476698,,public,EEA3B47A12E90CB6B9F4087FC4904168,EC681EC546EB61326BD8D1B3835FE851
SRR21086445,2022-09-29 14:36:27,2022-08-16 14:55:10,63369715,6463710930,63369715,102,1873,,https://sra-downloadb.be-md.ncbi.nlm.nih.gov/sos1/sra-pub-zq-38/SRR021/21086/SRR21086445/SRR21086445.lite.1,SRX17101063,GSM6467550,RNA-Seq,cDNA,TRANSCRIPTOMIC,PAIRED,0,0,ILLUMINA,Illumina NovaSeq 6000,SRP392502,PRJNA870045,3,870045,SRS14677291,SAMN30347323,simple,9606,Homo sapiens,GSM6467550,,,,,,,no,,,,,"GENOME ANALYTICS, DEP. MOLECULAR BACTERIOLOGY, HCI - HELMHOLTZ CENTRE FOR INFECTION RESEARCH",SRA1476698,,public,0D2A36615C02E5F11617B71DFE3495F8,C91D0BC532395A521CD4D537CCAF5059
SRR21086444,2022-09-29 14:36:27,2022-08-16 15:24:43,77891355,7944918210,77891355,102,2306,,https://sra-downloadb.be-md.ncbi.nlm.nih.gov/sos1/sra-pub-zq-38/SRR021/21086/SRR21086444/SRR21086444.lite.1,SRX17101064,GSM6467551,RNA-Seq,cDNA,TRANSCRIPTOMIC,PAIRED,0,0,ILLUMINA,Illumina NovaSeq 6000,SRP392502,PRJNA870045,3,870045,SRS14677292,SAMN30347322,simple,9606,Homo sapiens,GSM6467551,,,,,,,no,,,,,"GENOME ANALYTICS, DEP. MOLECULAR BACTERIOLOGY, HCI - HELMHOLTZ CENTRE FOR INFECTION RESEARCH",SRA1476698,,public,F223003B95371C765143367EC114F898,B2CDD7D390BA4EDB07F90A57B02DCC5A
SRR21086443,2022-09-29 14:36:27,2022-08-16 14:55:46,57346235,5849315970,57346235,102,1693,,https://sra-downloadb.be-md.ncbi.nlm.nih.gov/sos1/sra-pub-zq-38/SRR021/21086/SRR21086443/SRR21086443.lite.1,SRX17101065,GSM6467552,RNA-Seq,cDNA,TRANSCRIPTOMIC,PAIRED,0,0,ILLUMINA,Illumina NovaSeq 6000,SRP392502,PRJNA870045,3,870045,SRS14677293,SAMN30347321,simple,9606,Homo sapiens,GSM6467552,,,,,,,no,,,,,"GENOME ANALYTICS, DEP. MOLECULAR BACTERIOLOGY, HCI - HELMHOLTZ CENTRE FOR INFECTION RESEARCH",SRA1476698,,public,56F7A6A2461319FDFEC78CE4F75F2A29,0EB7C9505F8C3E3EF839FE922820EC01
SRR21086442,2022-09-29 14:36:27,2022-08-16 14:52:18,61831870,6306850740,61831870,102,1878,,https://sra-downloadb.be-md.ncbi.nlm.nih.gov/sos1/sra-pub-zq-38/SRR021/21086/SRR21086442/SRR21086442.lite.1,SRX17101066,GSM6467553,RNA-Seq,cDNA,TRANSCRIPTOMIC,PAIRED,0,0,ILLUMINA,Illumina NovaSeq 6000,SRP392502,PRJNA870045,3,870045,SRS14677294,SAMN30347320,simple,9606,Homo sapiens,GSM6467553,,,,,,,no,,,,,"GENOME ANALYTICS, DEP. MOLECULAR BACTERIOLOGY, HCI - HELMHOLTZ CENTRE FOR INFECTION RESEARCH",SRA1476698,,public,0CF287C4B407F1E1AA76BB6C9FCEFC8F,C343363E4F3B785B614FC29B3A51CD42
SRR21086424,2022-09-29 14:36:27,2022-08-16 15:09:16,67080395,6842200290,67080395,102,2014,,https://sra-downloadb.be-md.ncbi.nlm.nih.gov/sos1/sra-pub-zq-38/SRR021/21086/SRR21086424/SRR21086424.lite.1,SRX17101067,GSM6467554,RNA-Seq,cDNA,TRANSCRIPTOMIC,PAIRED,0,0,ILLUMINA,Illumina NovaSeq 6000,SRP392502,PRJNA870045,3,870045,SRS14677295,SAMN30347319,simple,9606,Homo sapiens,GSM6467554,,,,,,,no,,,,,"GENOME ANALYTICS, DEP. MOLECULAR BACTERIOLOGY, HCI - HELMHOLTZ CENTRE FOR INFECTION RESEARCH",SRA1476698,,public,F745F7F15A1B2ED77271BB038D696D93,3068E6A9DDC7ABE6524B0DDDF111F05A
SRR21086422,2022-09-29 14:36:27,2022-08-16 15:12:49,73697315,7517126130,73697315,102,2183,,https://sra-downloadb.be-md.ncbi.nlm.nih.gov/sos1/sra-pub-zq-38/SRR021/21086/SRR21086422/SRR21086422.lite.1,SRX17101085,GSM6467555,RNA-Seq,cDNA,TRANSCRIPTOMIC,PAIRED,0,0,ILLUMINA,Illumina NovaSeq 6000,SRP392502,PRJNA870045,3,870045,SRS14677313,SAMN30347318,simple,9606,Homo sapiens,GSM6467555,,,,,,,no,,,,,"GENOME ANALYTICS, DEP. MOLECULAR BACTERIOLOGY, HCI - HELMHOLTZ CENTRE FOR INFECTION RESEARCH",SRA1476698,,public,7A1D3BE713FCA325161CF946217C2159,B5378AAD057398E0CBE6290970E5F722
SRR21086421,2022-09-29 14:36:27,2022-08-16 14:50:15,67249365,6859435230,67249365,102,2009,,https://sra-downloadb.be-md.ncbi.nlm.nih.gov/sos1/sra-pub-zq-38/SRR021/21086/SRR21086421/SRR21086421.lite.1,SRX17101086,GSM6467556,RNA-Seq,cDNA,TRANSCRIPTOMIC,PAIRED,0,0,ILLUMINA,Illumina NovaSeq 6000,SRP392502,PRJNA870045,3,870045,SRS14677314,SAMN30347317,simple,9606,Homo sapiens,GSM6467556,,,,,,,no,,,,,"GENOME ANALYTICS, DEP. MOLECULAR BACTERIOLOGY, HCI - HELMHOLTZ CENTRE FOR INFECTION RESEARCH",SRA1476698,,public,B0276FF075A78CFC86600E80AC18B97C,5FEE44BDA3D43F7302474664D8AA53EF
SRR21086420,2022-09-29 14:36:27,2022-08-16 14:37:31,59264461,6044975022,59264461,102,1756,,https://sra-downloadb.be-md.ncbi.nlm.nih.gov/sos1/sra-pub-zq-38/SRR021/21086/SRR21086420/SRR21086420.lite.1,SRX17101087,GSM6467557,RNA-Seq,cDNA,TRANSCRIPTOMIC,PAIRED,0,0,ILLUMINA,Illumina NovaSeq 6000,SRP392502,PRJNA870045,3,870045,SRS14677315,SAMN30347316,simple,9606,Homo sapiens,GSM6467557,,,,,,,no,,,,,"GENOME ANALYTICS, DEP. MOLECULAR BACTERIOLOGY, HCI - HELMHOLTZ CENTRE FOR INFECTION RESEARCH",SRA1476698,,public,4E3A547F49EC38A9DB860FD8F893DCCC,4DBD4C0E1BF37B101B0405036DE66421
SRR21086419,2022-09-29 14:36:27,2022-08-16 14:41:32,57203258,5834732316,57203258,102,1681,,https://sra-downloadb.be-md.ncbi.nlm.nih.gov/sos1/sra-pub-zq-38/SRR021/21086/SRR21086419/SRR21086419.lite.1,SRX17101088,GSM6467558,RNA-Seq,cDNA,TRANSCRIPTOMIC,PAIRED,0,0,ILLUMINA,Illumina NovaSeq 6000,SRP392502,PRJNA870045,3,870045,SRS14677316,SAMN30347315,simple,9606,Homo sapiens,GSM6467558,,,,,,,no,,,,,"GENOME ANALYTICS, DEP. MOLECULAR BACTERIOLOGY, HCI - HELMHOLTZ CENTRE FOR INFECTION RESEARCH",SRA1476698,,public,F5C7C2D7A9571B11BC8B41103B54FD17,79484676103279CE88C48FE97A5F81CF
SRR21086418,2022-09-29 14:36:27,2022-08-16 14:40:22,66182543,6750619386,66182543,102,1963,,https://sra-downloadb.be-md.ncbi.nlm.nih.gov/sos1/sra-pub-zq-38/SRR021/21086/SRR21086418/SRR21086418.lite.1,SRX17101089,GSM6467559,RNA-Seq,cDNA,TRANSCRIPTOMIC,PAIRED,0,0,ILLUMINA,Illumina NovaSeq 6000,SRP392502,PRJNA870045,3,870045,SRS14677317,SAMN30347314,simple,9606,Homo sapiens,GSM6467559,,,,,,,no,,,,,"GENOME ANALYTICS, DEP. MOLECULAR BACTERIOLOGY, HCI - HELMHOLTZ CENTRE FOR INFECTION RESEARCH",SRA1476698,,public,70256B39A1A88CFB4CBE998DAA6FFD35,2EA5A7756CE25696476734CAC4B67443
SRR21086417,2022-09-29 14:36:27,2022-08-16 14:54:39,62298360,6354432720,62298360,102,1831,,https://sra-downloadb.be-md.ncbi.nlm.nih.gov/sos1/sra-pub-zq-38/SRR021/21086/SRR21086417/SRR21086417.lite.1,SRX17101090,GSM6467560,RNA-Seq,cDNA,TRANSCRIPTOMIC,PAIRED,0,0,ILLUMINA,Illumina NovaSeq 6000,SRP392502,PRJNA870045,3,870045,SRS14677318,SAMN30347313,simple,9606,Homo sapiens,GSM6467560,,,,,,,no,,,,,"GENOME ANALYTICS, DEP. MOLECULAR BACTERIOLOGY, HCI - HELMHOLTZ CENTRE FOR INFECTION RESEARCH",SRA1476698,,public,49E0041137E8093376EAC07BE235D223,7DDDA595519E17BE70617830BC01E7C0
SRR21086416,2022-09-29 14:36:27,2022-08-16 14:51:11,59300154,6048615708,59300154,102,1794,,https://sra-downloadb.be-md.ncbi.nlm.nih.gov/sos1/sra-pub-zq-38/SRR021/21086/SRR21086416/SRR21086416.lite.1,SRX17101091,GSM6467561,RNA-Seq,cDNA,TRANSCRIPTOMIC,PAIRED,0,0,ILLUMINA,Illumina NovaSeq 6000,SRP392502,PRJNA870045,3,870045,SRS14677319,SAMN30347312,simple,9606,Homo sapiens,GSM6467561,,,,,,,no,,,,,"GENOME ANALYTICS, DEP. MOLECULAR BACTERIOLOGY, HCI - HELMHOLTZ CENTRE FOR INFECTION RESEARCH",SRA1476698,,public,A2C72D7109AF7E50E17F9DC46CDB5661,049CD8EEFAE1A8EB141089729728D7BB
SRR21086415,2022-09-29 14:36:28,2022-08-16 15:16:25,77535083,7908578466,77535083,102,2266,,https://sra-downloadb.be-md.ncbi.nlm.nih.gov/sos1/sra-pub-zq-38/SRR021/21086/SRR21086415/SRR21086415.lite.1,SRX17101092,GSM6467562,RNA-Seq,cDNA,TRANSCRIPTOMIC,PAIRED,0,0,ILLUMINA,Illumina NovaSeq 6000,SRP392502,PRJNA870045,3,870045,SRS14677320,SAMN30347311,simple,9606,Homo sapiens,GSM6467562,,,,,,,no,,,,,"GENOME ANALYTICS, DEP. MOLECULAR BACTERIOLOGY, HCI - HELMHOLTZ CENTRE FOR INFECTION RESEARCH",SRA1476698,,public,2A92B6E07334742FA5B0D4FCD0A571D8,F2DFF6C96A7E7D827D58CB89A771EFAD
SRR21086414,2022-09-29 14:36:28,2022-08-16 14:57:18,62351206,6359823012,62351206,102,1838,,https://sra-downloadb.be-md.ncbi.nlm.nih.gov/sos1/sra-pub-zq-38/SRR021/21086/SRR21086414/SRR21086414.lite.1,SRX17101093,GSM6467563,RNA-Seq,cDNA,TRANSCRIPTOMIC,PAIRED,0,0,ILLUMINA,Illumina NovaSeq 6000,SRP392502,PRJNA870045,3,870045,SRS14677321,SAMN30347310,simple,9606,Homo sapiens,GSM6467563,,,,,,,no,,,,,"GENOME ANALYTICS, DEP. MOLECULAR BACTERIOLOGY, HCI - HELMHOLTZ CENTRE FOR INFECTION RESEARCH",SRA1476698,,public,EF318E747106973A1DBAFC3C9A412215,A16491AA97A86FCF7C1AA3C72E7AAA2D
SRR21086413,2022-09-29 14:36:28,2022-08-16 15:15:08,76553906,7808498412,76553906,102,2256,,https://sra-downloadb.be-md.ncbi.nlm.nih.gov/sos1/sra-pub-zq-38/SRR021/21086/SRR21086413/SRR21086413.lite.1,SRX17101094,GSM6467564,RNA-Seq,cDNA,TRANSCRIPTOMIC,PAIRED,0,0,ILLUMINA,Illumina NovaSeq 6000,SRP392502,PRJNA870045,3,870045,SRS14677322,SAMN30347309,simple,9606,Homo sapiens,GSM6467564,,,,,,,no,,,,,"GENOME ANALYTICS, DEP. MOLECULAR BACTERIOLOGY, HCI - HELMHOLTZ CENTRE FOR INFECTION RESEARCH",SRA1476698,,public,93D51B5943A62A31CA2B4226614F2091,4247FC830C6860A0D72F9A87683D7FDD
SRR21086412,2022-09-29 14:36:28,2022-08-16 14:52:51,60101521,6130355142,60101521,102,1786,,https://sra-downloadb.be-md.ncbi.nlm.nih.gov/sos1/sra-pub-zq-38/SRR021/21086/SRR21086412/SRR21086412.lite.1,SRX17101095,GSM6467565,RNA-Seq,cDNA,TRANSCRIPTOMIC,PAIRED,0,0,ILLUMINA,Illumina NovaSeq 6000,SRP392502,PRJNA870045,3,870045,SRS14677323,SAMN30347308,simple,9606,Homo sapiens,GSM6467565,,,,,,,no,,,,,"GENOME ANALYTICS, DEP. MOLECULAR BACTERIOLOGY, HCI - HELMHOLTZ CENTRE FOR INFECTION RESEARCH",SRA1476698,,public,A7A946964A7B3DD28ED9EF1F0AD3B58C,C0C4CF4A9C586C2396D45866F66A859A
SRR21086411,2022-09-29 14:36:28,2022-08-16 14:46:12,55558723,5666989746,55558723,102,1674,,https://sra-downloadb.be-md.ncbi.nlm.nih.gov/sos1/sra-pub-zq-38/SRR021/21086/SRR21086411/SRR21086411.lite.1,SRX17101096,GSM6467566,RNA-Seq,cDNA,TRANSCRIPTOMIC,PAIRED,0,0,ILLUMINA,Illumina NovaSeq 6000,SRP392502,PRJNA870045,3,870045,SRS14677324,SAMN30347307,simple,9606,Homo sapiens,GSM6467566,,,,,,,no,,,,,"GENOME ANALYTICS, DEP. MOLECULAR BACTERIOLOGY, HCI - HELMHOLTZ CENTRE FOR INFECTION RESEARCH",SRA1476698,,public,0F1FB207A9FDC6765A4958D4C8FBFCA2,7D4A2E57ECDEA82CE1A7908BE9A0E3C5
SRR21086410,2022-09-29 14:36:28,2022-08-16 15:05:00,67385061,6873276222,67385061,102,1974,,https://sra-downloadb.be-md.ncbi.nlm.nih.gov/sos1/sra-pub-zq-38/SRR021/21086/SRR21086410/SRR21086410.lite.1,SRX17101097,GSM6467567,RNA-Seq,cDNA,TRANSCRIPTOMIC,PAIRED,0,0,ILLUMINA,Illumina NovaSeq 6000,SRP392502,PRJNA870045,3,870045,SRS14677325,SAMN30347306,simple,9606,Homo sapiens,GSM6467567,,,,,,,no,,,,,"GENOME ANALYTICS, DEP. MOLECULAR BACTERIOLOGY, HCI - HELMHOLTZ CENTRE FOR INFECTION RESEARCH",SRA1476698,,public,19A0378F9432E5608E9A612087B8641E,A156E8E9544A2B3B1E3F1D0695CF268F
SRR21086409,2022-09-29 14:36:28,2022-08-16 14:49:48,66717114,6805145628,66717114,102,1998,,https://sra-downloadb.be-md.ncbi.nlm.nih.gov/sos1/sra-pub-zq-38/SRR021/21086/SRR21086409/SRR21086409.lite.1,SRX17101098,GSM6467568,RNA-Seq,cDNA,TRANSCRIPTOMIC,PAIRED,0,0,ILLUMINA,Illumina NovaSeq 6000,SRP392502,PRJNA870045,3,870045,SRS14677326,SAMN30347305,simple,9606,Homo sapiens,GSM6467568,,,,,,,no,,,,,"GENOME ANALYTICS, DEP. MOLECULAR BACTERIOLOGY, HCI - HELMHOLTZ CENTRE FOR INFECTION RESEARCH",SRA1476698,,public,2B1B884412E909CEC17BB7EE28354E01,2820705320AF81A800882F78410EDAE6
SRR21086408,2022-09-29 14:36:28,2022-08-16 15:03:33,68147530,6951048060,68147530,102,2034,,https://sra-downloadb.be-md.ncbi.nlm.nih.gov/sos9/sra-pub-zq-924/SRR021/21086/SRR21086408/SRR21086408.lite.1,SRX17101099,GSM6467569,RNA-Seq,cDNA,TRANSCRIPTOMIC,PAIRED,0,0,ILLUMINA,Illumina NovaSeq 6000,SRP392502,PRJNA870045,3,870045,SRS14677327,SAMN30347304,simple,9606,Homo sapiens,GSM6467569,,,,,,,no,,,,,"GENOME ANALYTICS, DEP. MOLECULAR BACTERIOLOGY, HCI - HELMHOLTZ CENTRE FOR INFECTION RESEARCH",SRA1476698,,public,1FA67D48E834D8E3128EBDE7799FB379,96F0E6A7886AA4A1790972487C1794F8
SRR21086407,2022-09-29 14:36:28,2022-08-16 14:55:12,61631455,6286408410,61631455,102,1803,,https://sra-downloadb.be-md.ncbi.nlm.nih.gov/sos1/sra-pub-zq-38/SRR021/21086/SRR21086407/SRR21086407.lite.1,SRX17101100,GSM6467570,RNA-Seq,cDNA,TRANSCRIPTOMIC,PAIRED,0,0,ILLUMINA,Illumina NovaSeq 6000,SRP392502,PRJNA870045,3,870045,SRS14677328,SAMN30347303,simple,9606,Homo sapiens,GSM6467570,,,,,,,no,,,,,"GENOME ANALYTICS, DEP. MOLECULAR BACTERIOLOGY, HCI - HELMHOLTZ CENTRE FOR INFECTION RESEARCH",SRA1476698,,public,660E07348E094A215EF406A64A64765E,A9D0AF45BDCA21B3C78DF3BB7A368374
SRR21086406,2022-09-29 14:36:28,2022-08-16 14:42:50,69024672,7040516544,69024672,102,2059,,https://sra-downloadb.be-md.ncbi.nlm.nih.gov/sos1/sra-pub-zq-38/SRR021/21086/SRR21086406/SRR21086406.lite.1,SRX17101101,GSM6467571,RNA-Seq,cDNA,TRANSCRIPTOMIC,PAIRED,0,0,ILLUMINA,Illumina NovaSeq 6000,SRP392502,PRJNA870045,3,870045,SRS14677329,SAMN30347302,simple,9606,Homo sapiens,GSM6467571,,,,,,,no,,,,,"GENOME ANALYTICS, DEP. MOLECULAR BACTERIOLOGY, HCI - HELMHOLTZ CENTRE FOR INFECTION RESEARCH",SRA1476698,,public,426631AD117857ABE11062DECE8CC94C,6C3A16103226C7A0EEE5B89B348F75ED
SRR21086405,2022-09-29 14:36:28,2022-08-16 14:39:25,59724292,6091877784,59724292,102,1761,,https://sra-downloadb.be-md.ncbi.nlm.nih.gov/sos1/sra-pub-zq-38/SRR021/21086/SRR21086405/SRR21086405.lite.1,SRX17101102,GSM6467572,RNA-Seq,cDNA,TRANSCRIPTOMIC,PAIRED,0,0,ILLUMINA,Illumina NovaSeq 6000,SRP392502,PRJNA870045,3,870045,SRS14677330,SAMN30347301,simple,9606,Homo sapiens,GSM6467572,,,,,,,no,,,,,"GENOME ANALYTICS, DEP. MOLECULAR BACTERIOLOGY, HCI - HELMHOLTZ CENTRE FOR INFECTION RESEARCH",SRA1476698,,public,F49A12CBE36FDA2DC523B4C52DEC69B1,1093153B7725FAA6F75DD8AE9B8624B8
SRR21086404,2022-09-29 14:36:28,2022-08-16 14:21:07,48769597,4974498894,48769597,102,1449,,https://sra-downloadb.be-md.ncbi.nlm.nih.gov/sos1/sra-pub-zq-38/SRR021/21086/SRR21086404/SRR21086404.lite.1,SRX17101103,GSM6467573,RNA-Seq,cDNA,TRANSCRIPTOMIC,PAIRED,0,0,ILLUMINA,Illumina NovaSeq 6000,SRP392502,PRJNA870045,3,870045,SRS14677331,SAMN30347300,simple,9606,Homo sapiens,GSM6467573,,,,,,,no,,,,,"GENOME ANALYTICS, DEP. MOLECULAR BACTERIOLOGY, HCI - HELMHOLTZ CENTRE FOR INFECTION RESEARCH",SRA1476698,,public,AFA8767C65D25F6D9BBDB1345FC184F3,AD0E61A07C0B48B57F15A8DC19CDCE2C
SRR21086441,2022-09-29 14:36:28,2022-08-16 14:32:37,58335411,5950211922,58335411,102,1732,,https://sra-downloadb.be-md.ncbi.nlm.nih.gov/sos1/sra-pub-zq-38/SRR021/21086/SRR21086441/SRR21086441.lite.1,SRX17101104,GSM6467574,RNA-Seq,cDNA,TRANSCRIPTOMIC,PAIRED,0,0,ILLUMINA,Illumina NovaSeq 6000,SRP392502,PRJNA870045,3,870045,SRS14677332,SAMN30347299,simple,9606,Homo sapiens,GSM6467574,,,,,,,no,,,,,"GENOME ANALYTICS, DEP. MOLECULAR BACTERIOLOGY, HCI - HELMHOLTZ CENTRE FOR INFECTION RESEARCH",SRA1476698,,public,5EE3D17D05E0C992D6EB969855A93DB5,357F945A66659BC1759F9BC243CF11F7
SRR21086440,2022-09-29 14:36:28,2022-08-16 14:37:16,58075532,5923704264,58075532,102,1718,,https://sra-downloadb.be-md.ncbi.nlm.nih.gov/sos8/sra-pub-zq-818/SRR021/21086/SRR21086440/SRR21086440.lite.1,SRX17101068,GSM6467575,RNA-Seq,cDNA,TRANSCRIPTOMIC,PAIRED,0,0,ILLUMINA,Illumina NovaSeq 6000,SRP392502,PRJNA870045,3,870045,SRS14677296,SAMN30347298,simple,9606,Homo sapiens,GSM6467575,,,,,,,no,,,,,"GENOME ANALYTICS, DEP. MOLECULAR BACTERIOLOGY, HCI - HELMHOLTZ CENTRE FOR INFECTION RESEARCH",SRA1476698,,public,7C25B724E2C5FAE4A1C382F579070DA8,49D97283B06E238A9F260E4D2408421B
SRR21086439,2022-09-29 14:36:28,2022-08-16 15:12:57,69283769,7066944438,69283769,102,2042,,https://sra-downloadb.be-md.ncbi.nlm.nih.gov/sos1/sra-pub-zq-38/SRR021/21086/SRR21086439/SRR21086439.lite.1,SRX17101069,GSM6467576,RNA-Seq,cDNA,TRANSCRIPTOMIC,PAIRED,0,0,ILLUMINA,Illumina NovaSeq 6000,SRP392502,PRJNA870045,3,870045,SRS14677297,SAMN30347297,simple,9606,Homo sapiens,GSM6467576,,,,,,,no,,,,,"GENOME ANALYTICS, DEP. MOLECULAR BACTERIOLOGY, HCI - HELMHOLTZ CENTRE FOR INFECTION RESEARCH",SRA1476698,,public,8BD3A58132F7CE89FA64BCB6787D78F1,A82AC1887F7E2DF4C331E51A50601C16
SRR21086438,2022-09-29 14:36:28,2022-08-16 14:58:39,63913802,6519207804,63913802,102,1887,,https://sra-downloadb.be-md.ncbi.nlm.nih.gov/sos1/sra-pub-zq-38/SRR021/21086/SRR21086438/SRR21086438.lite.1,SRX17101070,GSM6467577,RNA-Seq,cDNA,TRANSCRIPTOMIC,PAIRED,0,0,ILLUMINA,Illumina NovaSeq 6000,SRP392502,PRJNA870045,3,870045,SRS14677298,SAMN30347296,simple,9606,Homo sapiens,GSM6467577,,,,,,,no,,,,,"GENOME ANALYTICS, DEP. MOLECULAR BACTERIOLOGY, HCI - HELMHOLTZ CENTRE FOR INFECTION RESEARCH",SRA1476698,,public,56FFF478FB6D2AF59EEF40B0BD390B76,EEF38ED84513A01407EEE1FFFF87AFBA
SRR21086437,2022-09-29 14:36:28,2022-08-16 14:21:17,48497963,4946792226,48497963,102,1452,,https://sra-downloadb.be-md.ncbi.nlm.nih.gov/sos1/sra-pub-zq-38/SRR021/21086/SRR21086437/SRR21086437.lite.1,SRX17101071,GSM6467578,RNA-Seq,cDNA,TRANSCRIPTOMIC,PAIRED,0,0,ILLUMINA,Illumina NovaSeq 6000,SRP392502,PRJNA870045,3,870045,SRS14677299,SAMN30347295,simple,9606,Homo sapiens,GSM6467578,,,,,,,no,,,,,"GENOME ANALYTICS, DEP. MOLECULAR BACTERIOLOGY, HCI - HELMHOLTZ CENTRE FOR INFECTION RESEARCH",SRA1476698,,public,079C583BEDEB2E50022AEEE66D38E5B0,925100D3C8BBCF13F739FCE8E6D5DF67
SRR21086436,2022-09-29 14:36:28,2022-08-16 14:58:14,63747322,6502226844,63747322,102,1882,,https://sra-downloadb.be-md.ncbi.nlm.nih.gov/sos1/sra-pub-zq-38/SRR021/21086/SRR21086436/SRR21086436.lite.1,SRX17101072,GSM6467579,RNA-Seq,cDNA,TRANSCRIPTOMIC,PAIRED,0,0,ILLUMINA,Illumina NovaSeq 6000,SRP392502,PRJNA870045,3,870045,SRS14677300,SAMN30347294,simple,9606,Homo sapiens,GSM6467579,,,,,,,no,,,,,"GENOME ANALYTICS, DEP. MOLECULAR BACTERIOLOGY, HCI - HELMHOLTZ CENTRE FOR INFECTION RESEARCH",SRA1476698,,public,CC1A3A48726575D6769E08BAC9CBFD66,F1783697868D848803446F4351275C4E
SRR21086435,2022-09-29 14:36:28,2022-08-16 14:40:14,66478738,6780831276,66478738,102,1979,,https://sra-downloadb.be-md.ncbi.nlm.nih.gov/sos1/sra-pub-zq-38/SRR021/21086/SRR21086435/SRR21086435.lite.1,SRX17101073,GSM6467580,RNA-Seq,cDNA,TRANSCRIPTOMIC,PAIRED,0,0,ILLUMINA,Illumina NovaSeq 6000,SRP392502,PRJNA870045,3,870045,SRS14677301,SAMN30347293,simple,9606,Homo sapiens,GSM6467580,,,,,,,no,,,,,"GENOME ANALYTICS, DEP. MOLECULAR BACTERIOLOGY, HCI - HELMHOLTZ CENTRE FOR INFECTION RESEARCH",SRA1476698,,public,08D47F562520B9BA4E55E75DE5189124,43783F63C50D68A74AF98F4E5B0938C3
SRR21086434,2022-09-29 14:36:28,2022-08-16 15:01:29,66826972,6816351144,66826972,102,1969,,https://sra-downloadb.be-md.ncbi.nlm.nih.gov/sos1/sra-pub-zq-38/SRR021/21086/SRR21086434/SRR21086434.lite.1,SRX17101074,GSM6467581,RNA-Seq,cDNA,TRANSCRIPTOMIC,PAIRED,0,0,ILLUMINA,Illumina NovaSeq 6000,SRP392502,PRJNA870045,3,870045,SRS14677302,SAMN30347292,simple,9606,Homo sapiens,GSM6467581,,,,,,,no,,,,,"GENOME ANALYTICS, DEP. MOLECULAR BACTERIOLOGY, HCI - HELMHOLTZ CENTRE FOR INFECTION RESEARCH",SRA1476698,,public,DC8F7B3F015BB4E2456DD3CF8AE8F54B,28DBACD85C5DC738A10B1245282A5C7C
SRR21086433,2022-09-29 14:36:28,2022-08-16 15:33:18,88045345,8980625190,88045345,102,2728,,https://sra-downloadb.be-md.ncbi.nlm.nih.gov/sos1/sra-pub-zq-38/SRR021/21086/SRR21086433/SRR21086433.lite.1,SRX17101075,GSM6467582,RNA-Seq,cDNA,TRANSCRIPTOMIC,PAIRED,0,0,ILLUMINA,Illumina NovaSeq 6000,SRP392502,PRJNA870045,3,870045,SRS14677303,SAMN30347291,simple,9606,Homo sapiens,GSM6467582,,,,,,,no,,,,,"GENOME ANALYTICS, DEP. MOLECULAR BACTERIOLOGY, HCI - HELMHOLTZ CENTRE FOR INFECTION RESEARCH",SRA1476698,,public,0C09C4C096B0E8922305282D0BBA2E5D,13F6E00A3DB8287F77B101390C460917
SRR21086432,2022-09-29 14:36:28,2022-08-16 14:30:37,56830988,5796760776,56830988,102,1688,,https://sra-downloadb.be-md.ncbi.nlm.nih.gov/sos1/sra-pub-zq-38/SRR021/21086/SRR21086432/SRR21086432.lite.1,SRX17101076,GSM6467583,RNA-Seq,cDNA,TRANSCRIPTOMIC,PAIRED,0,0,ILLUMINA,Illumina NovaSeq 6000,SRP392502,PRJNA870045,3,870045,SRS14677304,SAMN30347290,simple,9606,Homo sapiens,GSM6467583,,,,,,,no,,,,,"GENOME ANALYTICS, DEP. MOLECULAR BACTERIOLOGY, HCI - HELMHOLTZ CENTRE FOR INFECTION RESEARCH",SRA1476698,,public,049FCCE8D18BB9D87B91B5126E398F59,B35EF4F7A5755342D5128C568ABC6AA9
SRR21086431,2022-09-29 14:36:28,2022-08-16 15:14:39,75095228,7659713256,75095228,102,2217,,https://sra-downloadb.be-md.ncbi.nlm.nih.gov/sos1/sra-pub-zq-38/SRR021/21086/SRR21086431/SRR21086431.lite.1,SRX17101077,GSM6467584,RNA-Seq,cDNA,TRANSCRIPTOMIC,PAIRED,0,0,ILLUMINA,Illumina NovaSeq 6000,SRP392502,PRJNA870045,3,870045,SRS14677305,SAMN30347289,simple,9606,Homo sapiens,GSM6467584,,,,,,,no,,,,,"GENOME ANALYTICS, DEP. MOLECULAR BACTERIOLOGY, HCI - HELMHOLTZ CENTRE FOR INFECTION RESEARCH",SRA1476698,,public,3A5D646AEC99CB9B5BA24A804DBD5B94,F448712E18C69828EBCDF2DC71263D85
SRR21086430,2022-09-29 14:36:28,2022-08-16 14:49:14,69401855,7078989210,69401855,102,2056,,https://sra-downloadb.be-md.ncbi.nlm.nih.gov/sos1/sra-pub-zq-38/SRR021/21086/SRR21086430/SRR21086430.lite.1,SRX17101078,GSM6467585,RNA-Seq,cDNA,TRANSCRIPTOMIC,PAIRED,0,0,ILLUMINA,Illumina NovaSeq 6000,SRP392502,PRJNA870045,3,870045,SRS14677306,SAMN30347288,simple,9606,Homo sapiens,GSM6467585,,,,,,,no,,,,,"GENOME ANALYTICS, DEP. MOLECULAR BACTERIOLOGY, HCI - HELMHOLTZ CENTRE FOR INFECTION RESEARCH",SRA1476698,,public,A4E443EEC94E2018F4816EC0E31A7798,6DD46B2BFF187A6CDE2457C0D08C0897
SRR21086429,2022-09-29 14:36:28,2022-08-16 14:20:29,61757236,6299238072,61757236,102,1840,,https://sra-downloadb.be-md.ncbi.nlm.nih.gov/sos9/sra-pub-zq-924/SRR021/21086/SRR21086429/SRR21086429.lite.1,SRX17101079,GSM6467586,RNA-Seq,cDNA,TRANSCRIPTOMIC,PAIRED,0,0,ILLUMINA,Illumina NovaSeq 6000,SRP392502,PRJNA870045,3,870045,SRS14677307,SAMN30347287,simple,9606,Homo sapiens,GSM6467586,,,,,,,no,,,,,"GENOME ANALYTICS, DEP. MOLECULAR BACTERIOLOGY, HCI - HELMHOLTZ CENTRE FOR INFECTION RESEARCH",SRA1476698,,public,03306B72F9DB7EEF345A66E146113ED7,B93EBC2FE479AD17CC7544A31F3D1210
SRR21086428,2022-09-29 14:36:28,2022-08-16 14:39:26,49112645,5009489790,49112645,102,1458,,https://sra-downloadb.be-md.ncbi.nlm.nih.gov/sos1/sra-pub-zq-38/SRR021/21086/SRR21086428/SRR21086428.lite.1,SRX17101080,GSM6467587,RNA-Seq,cDNA,TRANSCRIPTOMIC,PAIRED,0,0,ILLUMINA,Illumina NovaSeq 6000,SRP392502,PRJNA870045,3,870045,SRS14677308,SAMN30347286,simple,9606,Homo sapiens,GSM6467587,,,,,,,no,,,,,"GENOME ANALYTICS, DEP. MOLECULAR BACTERIOLOGY, HCI - HELMHOLTZ CENTRE FOR INFECTION RESEARCH",SRA1476698,,public,1686EB6F04051B76A8E8F67A1B1D4370,60B0CEAD8EC02C13643ADD06FBFFEA60
SRR21086427,2022-09-29 14:36:28,2022-08-16 15:14:32,73960785,7544000070,73960785,102,2204,,https://sra-downloadb.be-md.ncbi.nlm.nih.gov/sos1/sra-pub-zq-38/SRR021/21086/SRR21086427/SRR21086427.lite.1,SRX17101081,GSM6467588,RNA-Seq,cDNA,TRANSCRIPTOMIC,PAIRED,0,0,ILLUMINA,Illumina NovaSeq 6000,SRP392502,PRJNA870045,3,870045,SRS14677309,SAMN30347285,simple,9606,Homo sapiens,GSM6467588,,,,,,,no,,,,,"GENOME ANALYTICS, DEP. MOLECULAR BACTERIOLOGY, HCI - HELMHOLTZ CENTRE FOR INFECTION RESEARCH",SRA1476698,,public,BEFA68695E324523BC9CE51A861285D1,7235F925AE9189CAE4125F814F86CD32
SRR21086426,2022-09-29 14:36:28,2022-08-16 15:24:55,82135726,8377844052,82135726,102,2425,,https://sra-downloadb.be-md.ncbi.nlm.nih.gov/sos1/sra-pub-zq-38/SRR021/21086/SRR21086426/SRR21086426.lite.1,SRX17101082,GSM6467589,RNA-Seq,cDNA,TRANSCRIPTOMIC,PAIRED,0,0,ILLUMINA,Illumina NovaSeq 6000,SRP392502,PRJNA870045,3,870045,SRS14677310,SAMN30347284,simple,9606,Homo sapiens,GSM6467589,,,,,,,no,,,,,"GENOME ANALYTICS, DEP. MOLECULAR BACTERIOLOGY, HCI - HELMHOLTZ CENTRE FOR INFECTION RESEARCH",SRA1476698,,public,B7BA315F346A01159317E271745066E7,7E9E59F48515E79444037BF78104CB45
SRR21086425,2022-09-29 14:36:28,2022-08-16 14:49:09,58872837,6005029374,58872837,102,1755,,https://sra-downloadb.be-md.ncbi.nlm.nih.gov/sos1/sra-pub-zq-38/SRR021/21086/SRR21086425/SRR21086425.lite.1,SRX17101083,GSM6467590,RNA-Seq,cDNA,TRANSCRIPTOMIC,PAIRED,0,0,ILLUMINA,Illumina NovaSeq 6000,SRP392502,PRJNA870045,3,870045,SRS14677311,SAMN30347283,simple,9606,Homo sapiens,GSM6467590,,,,,,,no,,,,,"GENOME ANALYTICS, DEP. MOLECULAR BACTERIOLOGY, HCI - HELMHOLTZ CENTRE FOR INFECTION RESEARCH",SRA1476698,,public,2B70D26AE86F704D72FC206143DE6F2E,15847EB0F427AC13903057213AD9951D
SRR21086423,2022-09-29 14:36:28,2022-08-16 14:35:59,62336329,6358305558,62336329,102,1855,,https://sra-downloadb.be-md.ncbi.nlm.nih.gov/sos1/sra-pub-zq-38/SRR021/21086/SRR21086423/SRR21086423.lite.1,SRX17101084,GSM6467591,RNA-Seq,cDNA,TRANSCRIPTOMIC,PAIRED,0,0,ILLUMINA,Illumina NovaSeq 6000,SRP392502,PRJNA870045,3,870045,SRS14677312,SAMN30347282,simple,9606,Homo sapiens,GSM6467591,,,,,,,no,,,,,"GENOME ANALYTICS, DEP. MOLECULAR BACTERIOLOGY, HCI - HELMHOLTZ CENTRE FOR INFECTION RESEARCH",SRA1476698,,public,ADF6537E0B67B085922AA0BB008DB45C,2777BF279C9914DB194046F42BCE117C
SRR21086503,2022-09-29 14:36:27,2022-08-16 14:36:11,56081394,5720302188,56081394,102,1686,,https://sra-downloadb.be-md.ncbi.nlm.nih.gov/sos1/sra-pub-zq-38/SRR021/21086/SRR21086503/SRR21086503.lite.1,SRX17101005,GSM6467486,RNA-Seq,cDNA,TRANSCRIPTOMIC,PAIRED,0,0,ILLUMINA,Illumina NovaSeq 6000,SRP392502,PRJNA870045,3,870045,SRS14677233,SAMN30347381,simple,9606,Homo sapiens,GSM6467486,,,,,,,no,,,,,"GENOME ANALYTICS, DEP. MOLECULAR BACTERIOLOGY, HCI - HELMHOLTZ CENTRE FOR INFECTION RESEARCH",SRA1476698,,public,46DAA2F87E606592D5222D96F9F846AF,7DC08FB031A753B494CAB8A200E18A0F
SRR21086502,2022-09-29 14:36:28,2022-08-16 15:00:48,63805611,6508172322,63805611,102,1882,,https://sra-downloadb.be-md.ncbi.nlm.nih.gov/sos1/sra-pub-zq-38/SRR021/21086/SRR21086502/SRR21086502.lite.1,SRX17101006,GSM6467487,RNA-Seq,cDNA,TRANSCRIPTOMIC,PAIRED,0,0,ILLUMINA,Illumina NovaSeq 6000,SRP392502,PRJNA870045,3,870045,SRS14677234,SAMN30347380,simple,9606,Homo sapiens,GSM6467487,,,,,,,no,,,,,"GENOME ANALYTICS, DEP. MOLECULAR BACTERIOLOGY, HCI - HELMHOLTZ CENTRE FOR INFECTION RESEARCH",SRA1476698,,public,F94F7523014A53915FB52E2197B00777,5818AC04FAFF89293929BE36099BAA00
SRR21086501,2022-09-29 14:36:28,2022-08-16 14:31:54,58189591,5935338282,58189591,102,1755,,https://sra-downloadb.be-md.ncbi.nlm.nih.gov/sos1/sra-pub-zq-38/SRR021/21086/SRR21086501/SRR21086501.lite.1,SRX17101007,GSM6467488,RNA-Seq,cDNA,TRANSCRIPTOMIC,PAIRED,0,0,ILLUMINA,Illumina NovaSeq 6000,SRP392502,PRJNA870045,3,870045,SRS14677235,SAMN30347379,simple,9606,Homo sapiens,GSM6467488,,,,,,,no,,,,,"GENOME ANALYTICS, DEP. MOLECULAR BACTERIOLOGY, HCI - HELMHOLTZ CENTRE FOR INFECTION RESEARCH",SRA1476698,,public,AD755CD47CC71CF4C5F64F623F2BD288,D3945C085BEEB3839377251C0EC24F34
SRR21086500,2022-09-29 14:36:28,2022-08-16 15:09:21,70514371,7192465842,70514371,102,2084,,https://sra-downloadb.be-md.ncbi.nlm.nih.gov/sos1/sra-pub-zq-38/SRR021/21086/SRR21086500/SRR21086500.lite.1,SRX17101008,GSM6467489,RNA-Seq,cDNA,TRANSCRIPTOMIC,PAIRED,0,0,ILLUMINA,Illumina NovaSeq 6000,SRP392502,PRJNA870045,3,870045,SRS14677236,SAMN30347378,simple,9606,Homo sapiens,GSM6467489,,,,,,,no,,,,,"GENOME ANALYTICS, DEP. MOLECULAR BACTERIOLOGY, HCI - HELMHOLTZ CENTRE FOR INFECTION RESEARCH",SRA1476698,,public,21A073D620DD609F80C0441CC26527F3,A349FA7F64EE6679EF8771DE6FEE48DC
SRR21086499,2022-09-29 14:36:28,2022-08-16 14:40:25,50385394,5139310188,50385394,102,1512,,https://sra-downloadb.be-md.ncbi.nlm.nih.gov/sos1/sra-pub-zq-38/SRR021/21086/SRR21086499/SRR21086499.lite.1,SRX17101009,GSM6467490,RNA-Seq,cDNA,TRANSCRIPTOMIC,PAIRED,0,0,ILLUMINA,Illumina NovaSeq 6000,SRP392502,PRJNA870045,3,870045,SRS14677237,SAMN30347377,simple,9606,Homo sapiens,GSM6467490,,,,,,,no,,,,,"GENOME ANALYTICS, DEP. MOLECULAR BACTERIOLOGY, HCI - HELMHOLTZ CENTRE FOR INFECTION RESEARCH",SRA1476698,,public,E42EC7DDF8704BF20F3DD5891668B90E,5A69143FAEA49857546DAF530F189C17
SRR21086498,2022-09-29 14:36:27,2022-08-16 14:54:23,57942755,5910161010,57942755,102,1734,,https://sra-downloadb.be-md.ncbi.nlm.nih.gov/sos1/sra-pub-zq-38/SRR021/21086/SRR21086498/SRR21086498.lite.1,SRX17101010,GSM6467491,RNA-Seq,cDNA,TRANSCRIPTOMIC,PAIRED,0,0,ILLUMINA,Illumina NovaSeq 6000,SRP392502,PRJNA870045,3,870045,SRS14677238,SAMN30347376,simple,9606,Homo sapiens,GSM6467491,,,,,,,no,,,,,"GENOME ANALYTICS, DEP. MOLECULAR BACTERIOLOGY, HCI - HELMHOLTZ CENTRE FOR INFECTION RESEARCH",SRA1476698,,public,AE4150A977FBF744288D1CAF4992151F,13AD31304D380FA6EE276ED1CFD98E4D
SRR21086497,2022-09-29 14:36:27,2022-08-16 14:41:14,65485121,6679482342,65485121,102,1925,,https://sra-downloadb.be-md.ncbi.nlm.nih.gov/sos1/sra-pub-zq-38/SRR021/21086/SRR21086497/SRR21086497.lite.1,SRX17101011,GSM6467492,RNA-Seq,cDNA,TRANSCRIPTOMIC,PAIRED,0,0,ILLUMINA,Illumina NovaSeq 6000,SRP392502,PRJNA870045,3,870045,SRS14677239,SAMN30347375,simple,9606,Homo sapiens,GSM6467492,,,,,,,no,,,,,"GENOME ANALYTICS, DEP. MOLECULAR BACTERIOLOGY, HCI - HELMHOLTZ CENTRE FOR INFECTION RESEARCH",SRA1476698,,public,7036B65965300EC991036412A793B291,758DAFEA1C32BEE3A2CB4663EE24B401
SRR21086496,2022-09-29 14:36:28,2022-08-16 14:56:31,80454573,8206366446,80454573,102,2360,,https://sra-downloadb.be-md.ncbi.nlm.nih.gov/sos1/sra-pub-zq-38/SRR021/21086/SRR21086496/SRR21086496.lite.1,SRX17101012,GSM6467493,RNA-Seq,cDNA,TRANSCRIPTOMIC,PAIRED,0,0,ILLUMINA,Illumina NovaSeq 6000,SRP392502,PRJNA870045,3,870045,SRS14677240,SAMN30347374,simple,9606,Homo sapiens,GSM6467493,,,,,,,no,,,,,"GENOME ANALYTICS, DEP. MOLECULAR BACTERIOLOGY, HCI - HELMHOLTZ CENTRE FOR INFECTION RESEARCH",SRA1476698,,public,59EE5548CD6882633BB32236987DFF53,27CB0B53077728AFB4F2BED5ACF2DD28
SRR21086495,2022-09-29 14:36:28,2022-08-16 14:50:29,57312852,5845910904,57312852,102,1685,,https://sra-downloadb.be-md.ncbi.nlm.nih.gov/sos1/sra-pub-zq-38/SRR021/21086/SRR21086495/SRR21086495.lite.1,SRX17101013,GSM6467494,RNA-Seq,cDNA,TRANSCRIPTOMIC,PAIRED,0,0,ILLUMINA,Illumina NovaSeq 6000,SRP392502,PRJNA870045,3,870045,SRS14677241,SAMN30347373,simple,9606,Homo sapiens,GSM6467494,,,,,,,no,,,,,"GENOME ANALYTICS, DEP. MOLECULAR BACTERIOLOGY, HCI - HELMHOLTZ CENTRE FOR INFECTION RESEARCH",SRA1476698,,public,326CC65C3923E18AA21C3EED7CD237CA,566E3BD2B9DAC3623A4BBEABE9127578
SRR21086494,2022-09-29 14:36:28,2022-08-16 14:49:13,56430664,5755927728,56430664,102,1674,,https://sra-downloadb.be-md.ncbi.nlm.nih.gov/sos1/sra-pub-zq-38/SRR021/21086/SRR21086494/SRR21086494.lite.1,SRX17101014,GSM6467495,RNA-Seq,cDNA,TRANSCRIPTOMIC,PAIRED,0,0,ILLUMINA,Illumina NovaSeq 6000,SRP392502,PRJNA870045,3,870045,SRS14677242,SAMN30347372,simple,9606,Homo sapiens,GSM6467495,,,,,,,no,,,,,"GENOME ANALYTICS, DEP. MOLECULAR BACTERIOLOGY, HCI - HELMHOLTZ CENTRE FOR INFECTION RESEARCH",SRA1476698,,public,56DA2265549F165CB307AEAB2F873F28,8A5BEAA5ABB0B0890F99CDB73FF68B74
SRR21086493,2022-09-29 14:36:28,2022-08-16 14:38:33,57214990,5835928980,57214990,102,1719,,https://sra-downloadb.be-md.ncbi.nlm.nih.gov/sos1/sra-pub-zq-38/SRR021/21086/SRR21086493/SRR21086493.lite.1,SRX17101015,GSM6467496,RNA-Seq,cDNA,TRANSCRIPTOMIC,PAIRED,0,0,ILLUMINA,Illumina NovaSeq 6000,SRP392502,PRJNA870045,3,870045,SRS14677243,SAMN30347371,simple,9606,Homo sapiens,GSM6467496,,,,,,,no,,,,,"GENOME ANALYTICS, DEP. MOLECULAR BACTERIOLOGY, HCI - HELMHOLTZ CENTRE FOR INFECTION RESEARCH",SRA1476698,,public,676A4FF8B6FE6C7B8BDC354F6608E469,3E45AA8AC57A11CBF02403065E651DE1
SRR21086492,2022-09-29 14:36:28,2022-08-16 14:31:03,57121647,5826407994,57121647,102,1728,,https://sra-downloadb.be-md.ncbi.nlm.nih.gov/sos1/sra-pub-zq-38/SRR021/21086/SRR21086492/SRR21086492.lite.1,SRX17101016,GSM6467497,RNA-Seq,cDNA,TRANSCRIPTOMIC,PAIRED,0,0,ILLUMINA,Illumina NovaSeq 6000,SRP392502,PRJNA870045,3,870045,SRS14677244,SAMN30347370,simple,9606,Homo sapiens,GSM6467497,,,,,,,no,,,,,"GENOME ANALYTICS, DEP. MOLECULAR BACTERIOLOGY, HCI - HELMHOLTZ CENTRE FOR INFECTION RESEARCH",SRA1476698,,public,FA63CC47F26A2F1CE5C658428BE464C6,46362903D95447B0597F9DA8DAFD5BA0
SRR21086491,2022-09-29 14:36:28,2022-08-16 15:01:11,62657433,6391058166,62657433,102,1920,,https://sra-downloadb.be-md.ncbi.nlm.nih.gov/sos1/sra-pub-zq-38/SRR021/21086/SRR21086491/SRR21086491.lite.1,SRX17101017,GSM6467498,RNA-Seq,cDNA,TRANSCRIPTOMIC,PAIRED,0,0,ILLUMINA,Illumina NovaSeq 6000,SRP392502,PRJNA870045,3,870045,SRS14677245,SAMN30347369,simple,9606,Homo sapiens,GSM6467498,,,,,,,no,,,,,"GENOME ANALYTICS, DEP. MOLECULAR BACTERIOLOGY, HCI - HELMHOLTZ CENTRE FOR INFECTION RESEARCH",SRA1476698,,public,551676588446CD033CFC82EA3C5E5761,59DDDC0F69571175A9D092A5DD1013C5
SRR21086490,2022-09-29 14:36:28,2022-08-16 14:26:22,52661859,5371509618,52661859,102,1551,,https://sra-downloadb.be-md.ncbi.nlm.nih.gov/sos1/sra-pub-zq-38/SRR021/21086/SRR21086490/SRR21086490.lite.1,SRX17101018,GSM6467499,RNA-Seq,cDNA,TRANSCRIPTOMIC,PAIRED,0,0,ILLUMINA,Illumina NovaSeq 6000,SRP392502,PRJNA870045,3,870045,SRS14677246,SAMN30347368,simple,9606,Homo sapiens,GSM6467499,,,,,,,no,,,,,"GENOME ANALYTICS, DEP. MOLECULAR BACTERIOLOGY, HCI - HELMHOLTZ CENTRE FOR INFECTION RESEARCH",SRA1476698,,public,F944A96FA3E5538B3ACBCB25A9FB47C0,8617ED1808222BBA4A6FF4EE39793053
SRR21086489,2022-09-29 14:36:28,2022-08-16 14:24:17,50388195,5139595890,50388195,102,1488,,https://sra-downloadb.be-md.ncbi.nlm.nih.gov/sos1/sra-pub-zq-38/SRR021/21086/SRR21086489/SRR21086489.lite.1,SRX17101019,GSM6467500,RNA-Seq,cDNA,TRANSCRIPTOMIC,PAIRED,0,0,ILLUMINA,Illumina NovaSeq 6000,SRP392502,PRJNA870045,3,870045,SRS14677247,SAMN30347367,simple,9606,Homo sapiens,GSM6467500,,,,,,,no,,,,,"GENOME ANALYTICS, DEP. MOLECULAR BACTERIOLOGY, HCI - HELMHOLTZ CENTRE FOR INFECTION RESEARCH",SRA1476698,,public,81AE9909344FEA473D1C139AD34115E6,13848AC3E23FDDCE243BCEB1500C612A
SRR21086488,2022-09-29 14:36:28,2022-08-16 14:36:37,62024375,6326486250,62024375,102,1853,,https://sra-downloadb.be-md.ncbi.nlm.nih.gov/sos1/sra-pub-zq-38/SRR021/21086/SRR21086488/SRR21086488.lite.1,SRX17101020,GSM6467501,RNA-Seq,cDNA,TRANSCRIPTOMIC,PAIRED,0,0,ILLUMINA,Illumina NovaSeq 6000,SRP392502,PRJNA870045,3,870045,SRS14677248,SAMN30347366,simple,9606,Homo sapiens,GSM6467501,,,,,,,no,,,,,"GENOME ANALYTICS, DEP. MOLECULAR BACTERIOLOGY, HCI - HELMHOLTZ CENTRE FOR INFECTION RESEARCH",SRA1476698,,public,9B1D62BF436E7A04B8086F6E4A7A06FF,D69D1B729E965F152D76DFE688D84374
SRR21086487,2022-09-29 14:36:28,2022-08-16 14:48:01,72241542,7368637284,72241542,102,2118,,https://sra-downloadb.be-md.ncbi.nlm.nih.gov/sos1/sra-pub-zq-38/SRR021/21086/SRR21086487/SRR21086487.lite.1,SRX17101021,GSM6467502,RNA-Seq,cDNA,TRANSCRIPTOMIC,PAIRED,0,0,ILLUMINA,Illumina NovaSeq 6000,SRP392502,PRJNA870045,3,870045,SRS14677249,SAMN30347365,simple,9606,Homo sapiens,GSM6467502,,,,,,,no,,,,,"GENOME ANALYTICS, DEP. MOLECULAR BACTERIOLOGY, HCI - HELMHOLTZ CENTRE FOR INFECTION RESEARCH",SRA1476698,,public,3D47DB89A688E4C6A9BC4881AF0548CA,428510C000207E9B05DA13E95812A94A
SRR21086486,2022-09-29 14:36:28,2022-08-16 14:21:03,47606711,4855884522,47606711,102,1417,,https://sra-downloadb.be-md.ncbi.nlm.nih.gov/sos1/sra-pub-zq-38/SRR021/21086/SRR21086486/SRR21086486.lite.1,SRX17101022,GSM6467503,RNA-Seq,cDNA,TRANSCRIPTOMIC,PAIRED,0,0,ILLUMINA,Illumina NovaSeq 6000,SRP392502,PRJNA870045,3,870045,SRS14677250,SAMN30347364,simple,9606,Homo sapiens,GSM6467503,,,,,,,no,,,,,"GENOME ANALYTICS, DEP. MOLECULAR BACTERIOLOGY, HCI - HELMHOLTZ CENTRE FOR INFECTION RESEARCH",SRA1476698,,public,E941233360829159AC1A6D8ED6BB3953,5A640F3DE631FA00C27243CCF2D12FDB
SRR21086485,2022-09-29 14:36:28,2022-08-16 14:58:26,63558110,6482927220,63558110,102,1867,,https://sra-downloadb.be-md.ncbi.nlm.nih.gov/sos1/sra-pub-zq-38/SRR021/21086/SRR21086485/SRR21086485.lite.1,SRX17101023,GSM6467504,RNA-Seq,cDNA,TRANSCRIPTOMIC,PAIRED,0,0,ILLUMINA,Illumina NovaSeq 6000,SRP392502,PRJNA870045,3,870045,SRS14677251,SAMN30347363,simple,9606,Homo sapiens,GSM6467504,,,,,,,no,,,,,"GENOME ANALYTICS, DEP. MOLECULAR BACTERIOLOGY, HCI - HELMHOLTZ CENTRE FOR INFECTION RESEARCH",SRA1476698,,public,6DEE95049837EBE5FC7F9AC399382BB1,49FFD4256A708232E5130416A45CDDDF
SRR21086484,2022-09-29 14:36:28,2022-08-16 14:37:25,63705477,6497958654,63705477,102,1897,,https://sra-downloadb.be-md.ncbi.nlm.nih.gov/sos1/sra-pub-zq-38/SRR021/21086/SRR21086484/SRR21086484.lite.1,SRX17101024,GSM6467505,RNA-Seq,cDNA,TRANSCRIPTOMIC,PAIRED,0,0,ILLUMINA,Illumina NovaSeq 6000,SRP392502,PRJNA870045,3,870045,SRS14677252,SAMN30347362,simple,9606,Homo sapiens,GSM6467505,,,,,,,no,,,,,"GENOME ANALYTICS, DEP. MOLECULAR BACTERIOLOGY, HCI - HELMHOLTZ CENTRE FOR INFECTION RESEARCH",SRA1476698,,public,A141656FB148EEC73317F4404A3780C8,9DA0556BDE2931781D86014BBDA2F1EB
SRR21086483,2022-09-29 14:36:28,2022-08-16 14:37:40,58650227,5982323154,58650227,102,1748,,https://sra-downloadb.be-md.ncbi.nlm.nih.gov/sos1/sra-pub-zq-38/SRR021/21086/SRR21086483/SRR21086483.lite.1,SRX17101025,GSM6467506,RNA-Seq,cDNA,TRANSCRIPTOMIC,PAIRED,0,0,ILLUMINA,Illumina NovaSeq 6000,SRP392502,PRJNA870045,3,870045,SRS14677253,SAMN30347361,simple,9606,Homo sapiens,GSM6467506,,,,,,,no,,,,,"GENOME ANALYTICS, DEP. MOLECULAR BACTERIOLOGY, HCI - HELMHOLTZ CENTRE FOR INFECTION RESEARCH",SRA1476698,,public,D5084AD51F2D76543F337BC7BD4C747C,EBB9B3A164B60E2A1FCAB0DBBE1C498C
SRR21086482,2022-09-29 14:36:28,2022-08-16 14:53:21,59884480,6108216960,59884480,102,1766,,https://sra-downloadb.be-md.ncbi.nlm.nih.gov/sos1/sra-pub-zq-38/SRR021/21086/SRR21086482/SRR21086482.lite.1,SRX17101026,GSM6467507,RNA-Seq,cDNA,TRANSCRIPTOMIC,PAIRED,0,0,ILLUMINA,Illumina NovaSeq 6000,SRP392502,PRJNA870045,3,870045,SRS14677254,SAMN30347360,simple,9606,Homo sapiens,GSM6467507,,,,,,,no,,,,,"GENOME ANALYTICS, DEP. MOLECULAR BACTERIOLOGY, HCI - HELMHOLTZ CENTRE FOR INFECTION RESEARCH",SRA1476698,,public,E15711D8CD8FAB29BE1A031748C4CF49,D73850D1E86C11986706584B35C7ED0E
SRR21086481,2022-09-29 14:36:28,2022-08-16 14:39:35,54110188,5519239176,54110188,102,1613,,https://sra-downloadb.be-md.ncbi.nlm.nih.gov/sos1/sra-pub-zq-38/SRR021/21086/SRR21086481/SRR21086481.lite.1,SRX17101027,GSM6467508,RNA-Seq,cDNA,TRANSCRIPTOMIC,PAIRED,0,0,ILLUMINA,Illumina NovaSeq 6000,SRP392502,PRJNA870045,3,870045,SRS14677255,SAMN30347359,simple,9606,Homo sapiens,GSM6467508,,,,,,,no,,,,,"GENOME ANALYTICS, DEP. MOLECULAR BACTERIOLOGY, HCI - HELMHOLTZ CENTRE FOR INFECTION RESEARCH",SRA1476698,,public,9C692612F4759398051FDADEBB0AE611,8A7DC468475EA7F1FE6524C471827520
SRR21086480,2022-09-29 14:36:28,2022-08-16 14:55:13,60333695,6154036890,60333695,102,1803,,https://sra-downloadb.be-md.ncbi.nlm.nih.gov/sos1/sra-pub-zq-38/SRR021/21086/SRR21086480/SRR21086480.lite.1,SRX17101028,GSM6467509,RNA-Seq,cDNA,TRANSCRIPTOMIC,PAIRED,0,0,ILLUMINA,Illumina NovaSeq 6000,SRP392502,PRJNA870045,3,870045,SRS14677256,SAMN30347358,simple,9606,Homo sapiens,GSM6467509,,,,,,,no,,,,,"GENOME ANALYTICS, DEP. MOLECULAR BACTERIOLOGY, HCI - HELMHOLTZ CENTRE FOR INFECTION RESEARCH",SRA1476698,,public,0C551400F7C418EC18DE67E778C5B407,4475FE822AE33551CDCFB320A12EDBB6
SRR21086479,2022-09-29 14:36:28,2022-08-16 14:29:37,51270831,5229624762,51270831,102,1521,,https://sra-downloadb.be-md.ncbi.nlm.nih.gov/sos1/sra-pub-zq-38/SRR021/21086/SRR21086479/SRR21086479.lite.1,SRX17101029,GSM6467510,RNA-Seq,cDNA,TRANSCRIPTOMIC,PAIRED,0,0,ILLUMINA,Illumina NovaSeq 6000,SRP392502,PRJNA870045,3,870045,SRS14677257,SAMN30347357,simple,9606,Homo sapiens,GSM6467510,,,,,,,no,,,,,"GENOME ANALYTICS, DEP. MOLECULAR BACTERIOLOGY, HCI - HELMHOLTZ CENTRE FOR INFECTION RESEARCH",SRA1476698,,public,0F95590835581F05C3E775F66C798EF2,283E608183B7FAB7FD3E24BF90059CCB
SRR21086478,2022-09-29 14:36:28,2022-08-16 14:57:17,61761557,6299678814,61761557,102,1827,,https://sra-downloadb.be-md.ncbi.nlm.nih.gov/sos1/sra-pub-zq-38/SRR021/21086/SRR21086478/SRR21086478.lite.1,SRX17101030,GSM6467511,RNA-Seq,cDNA,TRANSCRIPTOMIC,PAIRED,0,0,ILLUMINA,Illumina NovaSeq 6000,SRP392502,PRJNA870045,3,870045,SRS14677258,SAMN30347356,simple,9606,Homo sapiens,GSM6467511,,,,,,,no,,,,,"GENOME ANALYTICS, DEP. MOLECULAR BACTERIOLOGY, HCI - HELMHOLTZ CENTRE FOR INFECTION RESEARCH",SRA1476698,,public,786EB4FAA21DE4A1B07E2C0B3FAAC7C2,18C26F5EF68F475312A15CCE5D7E6580
SRR21086477,2022-09-29 14:36:28,2022-08-16 14:37:19,63887147,6516488994,63887147,102,1894,,https://sra-downloadb.be-md.ncbi.nlm.nih.gov/sos1/sra-pub-zq-38/SRR021/21086/SRR21086477/SRR21086477.lite.1,SRX17101031,GSM6467512,RNA-Seq,cDNA,TRANSCRIPTOMIC,PAIRED,0,0,ILLUMINA,Illumina NovaSeq 6000,SRP392502,PRJNA870045,3,870045,SRS14677259,SAMN30347355,simple,9606,Homo sapiens,GSM6467512,,,,,,,no,,,,,"GENOME ANALYTICS, DEP. MOLECULAR BACTERIOLOGY, HCI - HELMHOLTZ CENTRE FOR INFECTION RESEARCH",SRA1476698,,public,54CF938388A694B70B2F2DCD734DC81F,B136EC34F201C5C144DA1A6EA6551405
SRR21086476,2022-09-29 14:36:28,2022-08-16 14:40:27,50884761,5190245622,50884761,102,1534,,https://sra-downloadb.be-md.ncbi.nlm.nih.gov/sos1/sra-pub-zq-38/SRR021/21086/SRR21086476/SRR21086476.lite.1,SRX17101032,GSM6467514,RNA-Seq,cDNA,TRANSCRIPTOMIC,PAIRED,0,0,ILLUMINA,Illumina NovaSeq 6000,SRP392502,PRJNA870045,3,870045,SRS14677260,SAMN30347354,simple,9606,Homo sapiens,GSM6467514,,,,,,,no,,,,,"GENOME ANALYTICS, DEP. MOLECULAR BACTERIOLOGY, HCI - HELMHOLTZ CENTRE FOR INFECTION RESEARCH",SRA1476698,,public,0C5A3DDCD949B1B19F8A77353D1CA8A1,687632A0BE8FE7DCECCE2666FED01470
SRR21086475,2022-09-29 14:36:28,2022-08-16 14:31:31,53973835,5505331170,53973835,102,1598,,https://sra-downloadb.be-md.ncbi.nlm.nih.gov/sos1/sra-pub-zq-38/SRR021/21086/SRR21086475/SRR21086475.lite.1,SRX17101033,GSM6467515,RNA-Seq,cDNA,TRANSCRIPTOMIC,PAIRED,0,0,ILLUMINA,Illumina NovaSeq 6000,SRP392502,PRJNA870045,3,870045,SRS14677261,SAMN30347353,simple,9606,Homo sapiens,GSM6467515,,,,,,,no,,,,,"GENOME ANALYTICS, DEP. MOLECULAR BACTERIOLOGY, HCI - HELMHOLTZ CENTRE FOR INFECTION RESEARCH",SRA1476698,,public,ED6BF3575DFE0DB64FE3E5F1D1DE5AB0,FBBC0D263CE7609C525B6070A8DF83E6
SRR21086474,2022-09-29 14:36:28,2022-08-16 14:38:03,64893687,6619156074,64893687,102,1914,,https://sra-downloadb.be-md.ncbi.nlm.nih.gov/sos1/sra-pub-zq-38/SRR021/21086/SRR21086474/SRR21086474.lite.1,SRX17101034,GSM6467517,RNA-Seq,cDNA,TRANSCRIPTOMIC,PAIRED,0,0,ILLUMINA,Illumina NovaSeq 6000,SRP392502,PRJNA870045,3,870045,SRS14677262,SAMN30347352,simple,9606,Homo sapiens,GSM6467517,,,,,,,no,,,,,"GENOME ANALYTICS, DEP. MOLECULAR BACTERIOLOGY, HCI - HELMHOLTZ CENTRE FOR INFECTION RESEARCH",SRA1476698,,public,FC3D44EFC5A4BD23F19A557626D40BB2,814BDBE8C3AD3F147B18A7297F0A95BC
SRR21086473,2022-09-29 14:36:28,2022-08-16 14:58:18,62780974,6403659348,62780974,102,1912,,https://sra-downloadb.be-md.ncbi.nlm.nih.gov/sos1/sra-pub-zq-38/SRR021/21086/SRR21086473/SRR21086473.lite.1,SRX17101035,GSM6467518,RNA-Seq,cDNA,TRANSCRIPTOMIC,PAIRED,0,0,ILLUMINA,Illumina NovaSeq 6000,SRP392502,PRJNA870045,3,870045,SRS14677263,SAMN30347351,simple,9606,Homo sapiens,GSM6467518,,,,,,,no,,,,,"GENOME ANALYTICS, DEP. MOLECULAR BACTERIOLOGY, HCI - HELMHOLTZ CENTRE FOR INFECTION RESEARCH",SRA1476698,,public,D46018B59D9A00BE85D5513354068D4F,A77A6E924E4D22E2C28680EAD8F14FE6
SRR21086472,2022-09-29 14:36:28,2022-08-16 14:49:16,66610451,6794266002,66610451,102,2040,,https://sra-downloadb.be-md.ncbi.nlm.nih.gov/sos1/sra-pub-zq-38/SRR021/21086/SRR21086472/SRR21086472.lite.1,SRX17101036,GSM6467520,RNA-Seq,cDNA,TRANSCRIPTOMIC,PAIRED,0,0,ILLUMINA,Illumina NovaSeq 6000,SRP392502,PRJNA870045,3,870045,SRS14677264,SAMN30347350,simple,9606,Homo sapiens,GSM6467520,,,,,,,no,,,,,"GENOME ANALYTICS, DEP. MOLECULAR BACTERIOLOGY, HCI - HELMHOLTZ CENTRE FOR INFECTION RESEARCH",SRA1476698,,public,FC319D4A9DD4BB34E7C0FC916242A1BA,8CA19FCEFDEF88A4D38D793D151689D7
SRR21086471,2022-09-29 14:36:28,2022-08-16 15:20:59,80161599,8176483098,80161599,102,2375,,https://sra-downloadb.be-md.ncbi.nlm.nih.gov/sos1/sra-pub-zq-38/SRR021/21086/SRR21086471/SRR21086471.lite.1,SRX17101037,GSM6467521,RNA-Seq,cDNA,TRANSCRIPTOMIC,PAIRED,0,0,ILLUMINA,Illumina NovaSeq 6000,SRP392502,PRJNA870045,3,870045,SRS14677265,SAMN30347349,simple,9606,Homo sapiens,GSM6467521,,,,,,,no,,,,,"GENOME ANALYTICS, DEP. MOLECULAR BACTERIOLOGY, HCI - HELMHOLTZ CENTRE FOR INFECTION RESEARCH",SRA1476698,,public,74A83C1C654104BBEF8521B5C2E2B418,0DAE23403792353CECE5AA96C317D1C9
SRR21086470,2022-09-29 14:36:28,2022-08-16 14:32:29,55630486,5674309572,55630486,102,1671,,https://sra-downloadb.be-md.ncbi.nlm.nih.gov/sos1/sra-pub-zq-38/SRR021/21086/SRR21086470/SRR21086470.lite.1,SRX17101038,GSM6467523,RNA-Seq,cDNA,TRANSCRIPTOMIC,PAIRED,0,0,ILLUMINA,Illumina NovaSeq 6000,SRP392502,PRJNA870045,3,870045,SRS14677266,SAMN30347348,simple,9606,Homo sapiens,GSM6467523,,,,,,,no,,,,,"GENOME ANALYTICS, DEP. MOLECULAR BACTERIOLOGY, HCI - HELMHOLTZ CENTRE FOR INFECTION RESEARCH",SRA1476698,,public,551D82C893F213C54DFECDDBB8C1B64C,EF076C80815171D3FA4D3A0B94A22535
SRR21086469,2022-09-29 14:36:28,2022-08-16 14:40:58,51392509,5242035918,51392509,102,1536,,https://sra-downloadb.be-md.ncbi.nlm.nih.gov/sos1/sra-pub-zq-38/SRR021/21086/SRR21086469/SRR21086469.lite.1,SRX17101039,GSM6467524,RNA-Seq,cDNA,TRANSCRIPTOMIC,PAIRED,0,0,ILLUMINA,Illumina NovaSeq 6000,SRP392502,PRJNA870045,3,870045,SRS14677267,SAMN30347347,simple,9606,Homo sapiens,GSM6467524,,,,,,,no,,,,,"GENOME ANALYTICS, DEP. MOLECULAR BACTERIOLOGY, HCI - HELMHOLTZ CENTRE FOR INFECTION RESEARCH",SRA1476698,,public,4647ABF349B624989ACB83493B095584,988C9F9BF33CB38ECBA025427E5BB8A2
SRR21086468,2022-09-29 14:36:28,2022-08-16 14:46:30,65341610,6664844220,65341610,102,1929,,https://sra-downloadb.be-md.ncbi.nlm.nih.gov/sos1/sra-pub-zq-38/SRR021/21086/SRR21086468/SRR21086468.lite.1,SRX17101040,GSM6467526,RNA-Seq,cDNA,TRANSCRIPTOMIC,PAIRED,0,0,ILLUMINA,Illumina NovaSeq 6000,SRP392502,PRJNA870045,3,870045,SRS14677268,SAMN30347346,simple,9606,Homo sapiens,GSM6467526,,,,,,,no,,,,,"GENOME ANALYTICS, DEP. MOLECULAR BACTERIOLOGY, HCI - HELMHOLTZ CENTRE FOR INFECTION RESEARCH",SRA1476698,,public,A956904C103D54A6FA1861E4CA177726,C89B1DC24095AF0B1ECFAC7167AB4244
SRR21086467,2022-09-29 14:36:28,2022-08-16 15:07:52,69758736,7115391072,69758736,102,2050,,https://sra-downloadb.be-md.ncbi.nlm.nih.gov/sos1/sra-pub-zq-38/SRR021/21086/SRR21086467/SRR21086467.lite.1,SRX17101041,GSM6467527,RNA-Seq,cDNA,TRANSCRIPTOMIC,PAIRED,0,0,ILLUMINA,Illumina NovaSeq 6000,SRP392502,PRJNA870045,3,870045,SRS14677269,SAMN30347345,simple,9606,Homo sapiens,GSM6467527,,,,,,,no,,,,,"GENOME ANALYTICS, DEP. MOLECULAR BACTERIOLOGY, HCI - HELMHOLTZ CENTRE FOR INFECTION RESEARCH",SRA1476698,,public,7FDE137B41789793CC9374729975F0F4,A6B0F2639E111B9F8178C1F0A41DD8A3
SRR21086466,2022-09-29 14:36:28,2022-08-16 14:45:16,53805689,5488180278,53805689,102,1613,,https://sra-downloadb.be-md.ncbi.nlm.nih.gov/sos1/sra-pub-zq-38/SRR021/21086/SRR21086466/SRR21086466.lite.1,SRX17101042,GSM6467528,RNA-Seq,cDNA,TRANSCRIPTOMIC,PAIRED,0,0,ILLUMINA,Illumina NovaSeq 6000,SRP392502,PRJNA870045,3,870045,SRS14677270,SAMN30347344,simple,9606,Homo sapiens,GSM6467528,,,,,,,no,,,,,"GENOME ANALYTICS, DEP. MOLECULAR BACTERIOLOGY, HCI - HELMHOLTZ CENTRE FOR INFECTION RESEARCH",SRA1476698,,public,3F917BA86858FCE7EEC94BCBAA604D3D,C9805979003A404E1247E3631F7E3E44
SRR21086465,2022-09-29 14:36:28,2022-08-16 15:25:40,84164704,8584799808,0,102,2571,,https://sra-downloadb.be-md.ncbi.nlm.nih.gov/sos1/sra-pub-zq-38/SRR021/21086/SRR21086465/SRR21086465.lite.1,SRX17101043,GSM6467530,RNA-Seq,cDNA,TRANSCRIPTOMIC,PAIRED,0,0,ILLUMINA,Illumina NovaSeq 6000,SRP392502,PRJNA870045,3,870045,SRS14677271,SAMN30347343,simple,9606,Homo sapiens,GSM6467530,,,,,,,no,,,,,"GENOME ANALYTICS, DEP. MOLECULAR BACTERIOLOGY, HCI - HELMHOLTZ CENTRE FOR INFECTION RESEARCH",SRA1476698,,public,9A5709E90A2014B9D89AD7B2309324C6,6072F20D533EA07CD721E4D5F82B8DCE
SRR21086464,2022-09-29 14:36:28,2022-08-16 14:43:20,63900436,6517844472,63900436,102,1883,,https://sra-downloadb.be-md.ncbi.nlm.nih.gov/sos1/sra-pub-zq-38/SRR021/21086/SRR21086464/SRR21086464.lite.1,SRX17101044,GSM6467531,RNA-Seq,cDNA,TRANSCRIPTOMIC,PAIRED,0,0,ILLUMINA,Illumina NovaSeq 6000,SRP392502,PRJNA870045,3,870045,SRS14677272,SAMN30347342,simple,9606,Homo sapiens,GSM6467531,,,,,,,no,,,,,"GENOME ANALYTICS, DEP. MOLECULAR BACTERIOLOGY, HCI - HELMHOLTZ CENTRE FOR INFECTION RESEARCH",SRA1476698,,public,9B880BBD30E6A062D2B7C3806A5D9194,6108B88B66902C82F016CFC17A4D8177
